Country Name,Country Code,Series Name,Series Code,1990 [YR1990],2000 [YR2000],2009 [YR2009],2010 [YR2010],2011 [YR2011],2012 [YR2012],2013 [YR2013],2014 [YR2014],2015 [YR2015],2016 [YR2016],2017 [YR2017],2018 [YR2018]
Afghanistan,AFG,"GDP per capita, PPP (current international $)",NY.GDP.PCAP.PP.CD,..,..,1454.663015,1637.377987,1626.764793,1806.76393,1874.765634,1897.525938,1886.692977,1896.99252,1934.636754,1951.558504
Albania,ALB,"GDP per capita, PPP (current international $)",NY.GDP.PCAP.PP.CD,2549.464533,3861.341888,8814.834988,9628.003545,10207.75352,10526.25533,10571.00749,11259.28982,11662.04493,11868.21152,12930.06768,..
Algeria,DZA,"GDP per capita, PPP (current international $)",NY.GDP.PCAP.PP.CD,6682.532595,8162.412895,12291.76077,12656.37208,13046.36996,13479.68058,13816.36005,14317.04272,14710.73011,15050.43219,15266.48521,15621.85944
American Samoa,ASM,"GDP per capita, PPP (current international $)",NY.GDP.PCAP.PP.CD,..,..,..,..,..,..,..,..,..,..,..,..
Andorra,AND,"GDP per capita, PPP (current international $)",NY.GDP.PCAP.PP.CD,..,..,..,..,..,..,..,..,..,..,..,..
Angola,AGO,"GDP per capita, PPP (current international $)",NY.GDP.PCAP.PP.CD,3089.683369,3097.307292,6092.783245,6230.297028,6346.395122,6772.528333,6980.423038,7199.245478,7096.600615,6756.935074,6650.58494,6440.97627
Antigua and Barbuda,ATG,"GDP per capita, PPP (current international $)",NY.GDP.PCAP.PP.CD,11338.6407,16544.40627,21875.23479,20237.67277,19953.19277,20779.82503,20867.02846,22000.75028,22882.97022,24177.95972,25145.54123,26739.46819
Argentina,ARG,"GDP per capita, PPP (current international $)",NY.GDP.PCAP.PP.CD,7380.115031,11916.58261,16753.39489,18524.85676,19817.45048,19764.22501,20365.61335,20008.32064,20551.83319,20130.40803,20843.15507,20567.30179
Armenia,ARM,"GDP per capita, PPP (current international $)",NY.GDP.PCAP.PP.CD,2428.55896,2327.362522,6326.657969,6565.67866,7019.767748,7649.061531,8003.087763,8405.073655,8727.385447,8808.572714,9620.818491,10324.93513
Aruba,ABW,"GDP per capita, PPP (current international $)",NY.GDP.PCAP.PP.CD,24101.10943,33120.05418,34693.08675,33732.84745,35492.61849,35498.98209,37419.89282,38223.37226,38249.05487,38390.27165,39454.62983,..
Australia,AUS,"GDP per capita, PPP (current international $)",NY.GDP.PCAP.PP.CD,17329.57788,26328.67368,40300.30823,39324.36895,41965.35842,42826.78958,45902.04795,46880.22066,46270.1974,47352.11161,49653.71589,51544.86742
Austria,AUT,"GDP per capita, PPP (current international $)",NY.GDP.PCAP.PP.CD,19442.31204,29380.06604,40926.52376,42006.04688,44452.73275,46457.34578,47922.04912,48799.71547,49877.71331,51655.50309,53879.29785,56253.0858
Azerbaijan,AZE,"GDP per capita, PPP (current international $)",NY.GDP.PCAP.PP.CD,5703.869981,3663.445257,15162.8878,15884.04479,15754.15236,16193.39567,17216.17853,17808.9019,17973.09067,17417.08669,17525.27963,18012.31548
The Bahamas,BHS,"GDP per capita, PPP (current international $)",NY.GDP.PCAP.PP.CD,20120.34846,26238.18446,28760.51286,29099.05721,29503.70807,30656.07675,30762.79394,31005.8011,31362.47918,30862.53836,31581.10439,..
Bahrain,BHR,"GDP per capita, PPP (current international $)",NY.GDP.PCAP.PP.CD,22785.93747,35763.00654,39423.08169,39740.46109,40168.29077,41754.68966,44274.96706,46333.3989,46912.90416,47215.551,47660.47991,47219.84105
Bangladesh,BGD,"GDP per capita, PPP (current international $)",NY.GDP.PCAP.PP.CD,860.21051,1346.743205,2335.918717,2466.902949,2650.729933,2844.702565,3033.404632,3240.885623,3451.398507,3696.776193,3998.419424,4364.045283
Barbados,BRB,"GDP per capita, PPP (current international $)",NY.GDP.PCAP.PP.CD,9164.713223,12247.67412,15774.81489,15942.74653,16333.19912,16651.29353,16909.51838,17200.53861,17510.97601,18027.95831,18526.00856,..
Belarus,BLR,"GDP per capita, PPP (current international $)",NY.GDP.PCAP.PP.CD,5429.321055,6027.325186,14580.5808,15927.8747,17166.69564,17807.41774,18298.84706,18949.88244,18389.74375,18098.42286,18915.93989,19959.54272
Belgium,BEL,"GDP per capita, PPP (current international $)",NY.GDP.PCAP.PP.CD,18758.99755,27988.47361,38008.8318,40051.9559,41284.15101,42435.90925,43611.07291,44604.51105,45592.35618,47214.18064,49411.8691,50774.90592
Belize,BLZ,"GDP per capita, PPP (current international $)",NY.GDP.PCAP.PP.CD,3319.801337,5533.400542,7533.770788,7688.617871,7830.225867,8026.172778,8052.794458,8323.893358,8519.200276,8388.182053,8500.4448,8786.494801
Benin,BEN,"GDP per capita, PPP (current international $)",NY.GDP.PCAP.PP.CD,949.1686909,1326.089814,1773.729771,1781.563317,1820.889304,1891.530388,2006.327881,2114.480315,2122.235592,2169.755807,2276.59573,2420.479725
Bermuda,BMU,"GDP per capita, PPP (current international $)",NY.GDP.PCAP.PP.CD,26316.04395,40694.79221,55337.67603,55241.0749,54984.51039,53137.21507,52547.33309,..,..,..,..,..
Bhutan,BTN,"GDP per capita, PPP (current international $)",NY.GDP.PCAP.PP.CD,1527.318005,2732.094868,5967.750808,6674.86282,7269.343133,7692.581537,7897.854494,8405.269696,8949.837059,9656.339262,10173.05107,10516.27721
Bolivia,BOL,"GDP per capita, PPP (current international $)",NY.GDP.PCAP.PP.CD,2402.712724,3478.202471,5045.331273,5228.115329,5524.717798,5825.139985,6231.296345,6593.232982,6882.488916,7147.83921,7480.077141,7859.281711
Bosnia and Herzegovina,BIH,"GDP per capita, PPP (current international $)",NY.GDP.PCAP.PP.CD,..,4547.985372,9030.507997,9347.582216,9976.477133,10304.03098,11016.57325,11433.21414,12013.9908,12824.08511,13735.03024,..
Botswana,BWA,"GDP per capita, PPP (current international $)",NY.GDP.PCAP.PP.CD,5516.982749,8528.969125,12007.23239,12964.35144,13838.60282,14558.06641,16310.10289,17092.12224,16724.51778,17314.7804,17784.85581,18582.96654
Brazil,BRA,"GDP per capita, PPP (current international $)",NY.GDP.PCAP.PP.CD,6710.966209,9073.979181,13288.43881,14320.37228,15061.95663,15506.56171,16111.44374,16358.39086,15813.87326,15331.55058,15662.24702,16068.01996
British Virgin Islands,VGB,"GDP per capita, PPP (current international $)",NY.GDP.PCAP.PP.CD,..,..,..,..,..,..,..,..,..,..,..,..
Brunei Darussalam,BRN,"GDP per capita, PPP (current international $)",NY.GDP.PCAP.PP.CD,54959.66686,65305.76557,76961.8122,78907.87122,82502.9353,83725.42103,82263.49831,80782.0315,80177.75612,78134.66652,79789.60509,80777.55067
Bulgaria,BGR,"GDP per capita, PPP (current international $)",NY.GDP.PCAP.PP.CD,7493.171022,6377.846822,14146.17915,14934.1145,15676.13848,16208.25072,16571.02626,17534.3888,18186.48636,19500.40144,20948.09706,..
Burkina Faso,BFA,"GDP per capita, PPP (current international $)",NY.GDP.PCAP.PP.CD,547.9151714,855.7447616,1348.005973,1394.2531,1472.715841,1550.630684,1620.205369,1672.023437,1704.859643,1773.318838,1866.17062,1975.036848
Burundi,BDI,"GDP per capita, PPP (current international $)",NY.GDP.PCAP.PP.CD,666.7039012,571.3263123,698.1735533,718.7144691,739.219255,762.4224795,788.8937827,812.0300436,764.1957633,743.9035976,737.9785829,742.796896
Cabo Verde,CPV,"GDP per capita, PPP (current international $)",NY.GDP.PCAP.PP.CD,1087.722637,3101.002514,5741.218207,5821.739805,6102.412164,6207.361424,6285.969823,6362.960401,6415.612462,6709.109916,7026.984122,7494.714804
Cambodia,KHM,"GDP per capita, PPP (current international $)",NY.GDP.PCAP.PP.CD,..,1101.815794,2340.558567,2470.704155,2658.062552,2860.146734,3073.318143,3300.61675,3513.82356,3742.958793,4019.679985,4354.074297
Cameroon,CMR,"GDP per capita, PPP (current international $)",NY.GDP.PCAP.PP.CD,1949.280614,2039.934284,2767.974836,2817.572722,2914.237667,3021.4092,3153.682358,3311.734005,3442.73448,3546.54456,3644.801096,3771.052011
Canada,CAN,"GDP per capita, PPP (current international $)",NY.GDP.PCAP.PP.CD,20173.93565,29265.08444,38797.38505,40012.3914,41569.44962,42189.19611,44188.73171,45645.5643,44567.86635,45011.64317,46723.31776,47870.72594
Cayman Islands,CYM,"GDP per capita, PPP (current international $)",NY.GDP.PCAP.PP.CD,..,62144.90075,64698.99202,62158.60357,62861.18158,63666.61236,64546.38666,66497.01302,68131.32623,70049.98371,72607.57147,..
Central African Republic,CAF,"GDP per capita, PPP (current international $)",NY.GDP.PCAP.PP.CD,637.673007,676.8110417,919.4085589,962.2919722,1016.218552,1083.689925,703.4924104,715.0327447,750.7770135,789.1651917,829.3464981,871.5214207
Chad,TCD,"GDP per capita, PPP (current international $)",NY.GDP.PCAP.PP.CD,719.8190101,789.0857645,1688.082282,1875.557261,1852.938156,1988.064823,2067.796467,2179.247741,2191.741795,2012.817316,1929.472752,1964.787187
Channel Islands,CHI,"GDP per capita, PPP (current international $)",NY.GDP.PCAP.PP.CD,..,..,..,..,..,..,..,..,..,..,..,..
Chile,CHL,"GDP per capita, PPP (current international $)",NY.GDP.PCAP.PP.CD,4511.170059,9553.566623,16159.60523,18161.80392,20342.57092,21507.7074,22439.27836,22786.6556,22688.01003,22874.14942,24248.86076,25283.92827
China,CHN,"GDP per capita, PPP (current international $)",NY.GDP.PCAP.PP.CD,987.6411788,2936.287745,8352.689933,9303.7337,10355.49571,11328.28171,12361.39797,13446.40239,14454.99797,15513.27304,16782.20776,18210.09398
Colombia,COL,"GDP per capita, PPP (current international $)",NY.GDP.PCAP.PP.CD,5015.546448,6694.81285,10274.48986,10732.74905,11650.19949,12226.28584,12891.37931,13618.12436,14006.15358,14259.6093,14507.26125,14999.44381
Comoros,COM,"GDP per capita, PPP (current international $)",NY.GDP.PCAP.PP.CD,1674.552638,1900.656026,2318.430196,2376.538886,2465.324918,2531.037977,2627.3439,2668.895231,2663.844663,2689.060126,2751.08791,2827.865991
"Congo, Dem. Rep.",COD,"GDP per capita, PPP (current international $)",NY.GDP.PCAP.PP.CD,900.0163607,455.8150878,616.6586194,646.2953953,682.007332,719.914259,768.6449157,829.3626456,867.0883574,868.6133562,888.67728,930.5280974
Congo,COG,"GDP per capita, PPP (current international $)",NY.GDP.PCAP.PP.CD,3454.245223,3677.147746,4886.383669,5214.502782,5353.804296,5518.967422,5667.595799,6017.671947,6089.839655,5833.995644,5614.398974,5652.078216
Costa Rica,CRI,"GDP per capita, PPP (current international $)",NY.GDP.PCAP.PP.CD,5025.561226,7787.377759,12058.52382,12644.69665,13302.92828,14041.99378,14445.89836,15067.31118,15610.87955,16278.6019,16976.18742,17645.09924
Cote d'Ivoire,CIV,"GDP per capita, PPP (current international $)",NY.GDP.PCAP.PP.CD,2132.102478,2378.610507,2596.897477,2618.31892,2495.495125,2747.900523,2970.202338,3211.099745,3444.4498,3665.550486,3921.713336,4199.667628
Croatia,HRV,"GDP per capita, PPP (current international $)",NY.GDP.PCAP.PP.CD,..,10653.08872,20034.84052,19780.64103,20758.55448,21156.61233,21807.11244,22077.21465,23008.18872,24524.54792,26295.51229,..
Cuba,CUB,"GDP per capita, PPP (current international $)",NY.GDP.PCAP.PP.CD,..,..,..,..,..,..,..,..,..,..,..,..
Curacao,CUW,"GDP per capita, PPP (current international $)",NY.GDP.PCAP.PP.CD,..,23271.89003,27566.01264,27559.19669,27907.86602,28168.82986,28115.00542,27941.56802,27947.82168,27679.64479,27626.64089,..
Cyprus,CYP,"GDP per capita, PPP (current international $)",NY.GDP.PCAP.PP.CD,13314.67127,21291.47351,33888.28523,33230.79894,33192.3369,31914.68342,30620.86215,30390.60807,31578.35443,33682.47908,36155.48075,..
Czech Republic,CZE,"GDP per capita, PPP (current international $)",NY.GDP.PCAP.PP.CD,12659.85231,16190.80503,27599.30086,27667.4329,28797.41796,29047.24644,30485.71415,32263.31575,33691.42424,35230.52246,38019.58051,39998.42921
Denmark,DNK,"GDP per capita, PPP (current international $)",NY.GDP.PCAP.PP.CD,18215.50571,28662.10545,40339.68872,42999.62561,44403.39415,44803.96224,46726.85332,47901.44758,49058.49608,50694.18932,54356.44827,56120.12789
Djibouti,DJI,"GDP per capita, PPP (current international $)",NY.GDP.PCAP.PP.CD,..,..,..,..,2744.268655,..,..,..,..,..,..,..
Dominica,DMA,"GDP per capita, PPP (current international $)",NY.GDP.PCAP.PP.CD,4320.712428,6549.089831,9889.384648,10068.06941,10249.89555,10328.73088,10438.62113,11092.13899,10909.78073,11287.57817,10383.94076,10649.8081
Dominican Republic,DOM,"GDP per capita, PPP (current international $)",NY.GDP.PCAP.PP.CD,3579.193224,6595.771906,10283.16147,11132.93764,11580.56878,11979.70226,12634.96457,13697.63693,14649.91808,15613.14817,16451.54004,17798.80537
Ecuador,ECU,"GDP per capita, PPP (current international $)",NY.GDP.PCAP.PP.CD,4842.70098,5854.337422,8841.984389,9114.338328,9883.580029,10483.13413,11028.42904,11484.17161,11431.99158,11222.07849,11501.01029,11713.69349
Egypt,EGY,"GDP per capita, PPP (current international $)",NY.GDP.PCAP.PP.CD,3827.27758,5971.668538,9411.304969,9814.298455,9982.845702,10172.98306,10340.54214,10601.16669,10938.86186,11294.24924,11742.05009,12390.41997
El Salvador,SLV,"GDP per capita, PPP (current international $)",NY.GDP.PCAP.PP.CD,2927.948169,4466.049,5955.813866,6152.4346,6492.562131,6773.48214,7014.786658,7236.25469,7453.284119,7686.02636,7972.76859,8316.988971
Equatorial Guinea,GNQ,"GDP per capita, PPP (current international $)",NY.GDP.PCAP.PP.CD,660.4531105,8703.661456,37820.95481,33294.6535,34622.11627,36576.09043,34180.71153,33542.76508,29592.37967,26232.13378,24532.952,23472.59316
Eritrea,ERI,"GDP per capita, PPP (current international $)",NY.GDP.PCAP.PP.CD,..,1977.56065,1888.61518,1921.43479,2102.95406,..,..,..,..,..,..,..
Estonia,EST,"GDP per capita, PPP (current international $)",NY.GDP.PCAP.PP.CD,..,9421.263775,20502.3537,21581.69218,24543.06747,26022.46885,27495.73442,28964.17933,29212.94887,30897.54691,33447.82772,35747.41445
Swaziland,SWZ,"GDP per capita, PPP (current international $)",NY.GDP.PCAP.PP.CD,3655.331625,4905.545911,7742.411409,8073.512465,8370.819837,8873.800376,9542.555669,9836.790444,9899.294859,10237.8624,10526.11005,10721.64259
Ethiopia,ETH,"GDP per capita, PPP (current international $)",NY.GDP.PCAP.PP.CD,424.823989,494.2873019,950.5543294,1052.606673,1161.581434,1250.351222,1367.714144,1494.112052,1621.706726,1746.16277,1897.249078,2018.571869
Faroe Islands,FRO,"GDP per capita, PPP (current international $)",NY.GDP.PCAP.PP.CD,..,..,..,..,..,..,..,..,..,..,..,..
Fiji,FJI,"GDP per capita, PPP (current international $)",NY.GDP.PCAP.PP.CD,3823.297017,5312.128353,6965.538971,7202.758367,7520.373655,7758.218714,8262.957326,8882.388349,9372.54232,9683.624529,10318.95868,11003.72288
Finland,FIN,"GDP per capita, PPP (current international $)",NY.GDP.PCAP.PP.CD,18149.45845,26752.87175,37830.02314,38737.4136,40683.52758,40620.17607,41293.51577,41470.20236,42220.95767,43729.96449,46343.57722,48635.85014
France,FRA,"GDP per capita, PPP (current international $)",NY.GDP.PCAP.PP.CD,17624.23797,26094.25256,34685.1738,35900.04557,37440.63863,37679.12178,39523.85395,40141.58548,40833.24207,42047.28724,44255.94164,45877.07508
French Polynesia,PYF,"GDP per capita, PPP (current international $)",NY.GDP.PCAP.PP.CD,..,..,..,..,..,..,..,..,..,..,..,..
Gabon,GAB,"GDP per capita, PPP (current international $)",NY.GDP.PCAP.PP.CD,12690.81935,14182.23034,14514.77299,15190.41441,16011.1245,16536.56596,17116.34365,17548.27129,17819.55959,17839.8973,17762.40864,17912.42049
The Gambia,GMB,"GDP per capita, PPP (current international $)",NY.GDP.PCAP.PP.CD,937.8684787,1152.736072,1453.178027,1519.840923,1440.794358,1504.368423,1556.126487,1523.84173,1582.192741,1558.69557,1612.139559,1706.271763
Georgia,GEO,"GDP per capita, PPP (current international $)",NY.GDP.PCAP.PP.CD,5181.280982,2806.773843,6316.004421,6838.623631,7545.939466,8239.544087,8694.220635,9263.94733,9617.556788,9993.515121,10674.1758,11420.62966
Germany,DEU,"GDP per capita, PPP (current international $)",NY.GDP.PCAP.PP.CD,19423.01976,27298.10872,37042.44788,39187.40265,42692.51976,43564.14802,45232.19785,47190.76935,47979.4842,49921.33062,52574.26048,54327.12647
Ghana,GHA,"GDP per capita, PPP (current international $)",NY.GDP.PCAP.PP.CD,1233.450597,1765.935336,2784.138279,2964.43112,3368.800837,3664.600153,3909.669523,4006.186475,4044.413371,4135.645001,4457.355846,4738.314095
Gibraltar,GIB,"GDP per capita, PPP (current international $)",NY.GDP.PCAP.PP.CD,..,..,..,..,..,..,..,..,..,..,..,..
Greece,GRC,"GDP per capita, PPP (current international $)",NY.GDP.PCAP.PP.CD,13291.05198,19518.90751,30365.39993,28148.42242,26141.31959,25284.46408,26097.8719,26838.45523,26902.52532,27273.93458,28579.79453,29873.55606
Greenland,GRL,"GDP per capita, PPP (current international $)",NY.GDP.PCAP.PP.CD,..,..,..,..,..,..,..,..,..,..,..,..
Grenada,GRD,"GDP per capita, PPP (current international $)",NY.GDP.PCAP.PP.CD,4696.942267,7589.576807,10764.51396,10788.98952,11040.10948,11054.58487,11436.02581,12424.06768,13280.98243,13844.14347,14739.06575,15716.75704
Guam,GUM,"GDP per capita, PPP (current international $)",NY.GDP.PCAP.PP.CD,..,..,..,..,..,..,..,..,..,..,..,..
Guatemala,GTM,"GDP per capita, PPP (current international $)",NY.GDP.PCAP.PP.CD,3310.022035,4830.764001,6458.253034,6576.668609,6844.540528,7031.531311,7264.853827,7552.717983,7788.497934,7955.320011,8166.857755,8447.447181
Guinea,GIN,"GDP per capita, PPP (current international $)",NY.GDP.PCAP.PP.CD,871.3639497,1208.360772,1574.552796,1632.386349,1721.451359,1817.880468,1880.070141,1940.665327,1986.174233,2167.247349,2435.218475,2630.188575
Guinea-Bissau,GNB,"GDP per capita, PPP (current international $)",NY.GDP.PCAP.PP.CD,1060.093141,1122.741789,1358.998261,1401.692456,1506.695312,1469.805044,1503.745886,1506.589514,1574.461164,1648.438332,1734.714909,1795.895188
Guyana,GUY,"GDP per capita, PPP (current international $)",NY.GDP.PCAP.PP.CD,1865.861743,3673.795285,5428.756159,5706.187811,6106.967371,6523.251044,6933.982044,7297.599341,7568.708788,7864.890612,8140.41534,8568.758371
Haiti,HTI,"GDP per capita, PPP (current international $)",NY.GDP.PCAP.PP.CD,1371.613841,1398.084668,1570.621094,1478.736281,1569.198158,1621.258884,1694.802982,1750.429601,1766.044183,1787.159285,1818.606565,1863.325687
Honduras,HND,"GDP per capita, PPP (current international $)",NY.GDP.PCAP.PP.CD,2081.50666,2628.424519,3726.826149,3832.54541,3984.497267,4150.265868,4263.120157,4398.096634,4536.135356,4683.126696,4916.723792,5129.690135
"Hong Kong SAR, China",HKG,"GDP per capita, PPP (current international $)",NY.GDP.PCAP.PP.CD,17504.33757,27068.82171,43949.57139,47123.35177,50085.95933,51344.50303,53649.86306,55781.74528,57235.18291,58755.30806,61706.8147,64487.59607
Hungary,HUN,"GDP per capita, PPP (current international $)",NY.GDP.PCAP.PP.CD,..,11877.97245,20651.76183,21534.86742,22841.21034,23094.47333,24464.13604,25518.22596,26356.31374,26851.62497,28798.64256,30978.88791
Iceland,ISL,"GDP per capita, PPP (current international $)",NY.GDP.PCAP.PP.CD,21984.38665,29710.55155,41905.36603,39576.97124,40767.23641,41926.34194,44157.55246,45714.89381,48728.09936,52582.29385,55322.09013,57597.32463
India,IND,"GDP per capita, PPP (current international $)",NY.GDP.PCAP.PP.CD,1236.671158,2156.689832,4026.380865,4360.154173,4624.560192,4909.584121,5252.272446,5682.731338,6133.887072,6634.844635,7168.992551,7761.595297
Indonesia,IDN,"GDP per capita, PPP (current international $)",NY.GDP.PCAP.PP.CD,3001.912768,4620.547598,7813.090106,8284.501295,8859.139998,9444.948401,10009.66548,10570.19504,11063.06221,11604.52525,12279.18328,13056.55305
Iran,IRN,"GDP per capita, PPP (current international $)",NY.GDP.PCAP.PP.CD,7374.558729,10533.52478,16791.05888,17767.50221,18400.90629,17149.73922,17202.3003,18101.7763,17817.63647,20150.32226,21011.28831,..
Iraq,IRQ,"GDP per capita, PPP (current international $)",NY.GDP.PCAP.PP.CD,7498.159832,9717.658254,12287.72965,12884.90384,13693.97637,15320.88647,16133.56524,15950.19629,15981.31509,17828.39349,17415.46939,17510.16058
Ireland,IRL,"GDP per capita, PPP (current international $)",NY.GDP.PCAP.PP.CD,13738.26598,30177.82788,41621.71832,43292.15002,44937.55696,46283.12375,47966.91365,51192.39591,68959.55175,70925.75616,76807.49337,84069.43905
Isle of Man,IMN,"GDP per capita, PPP (current international $)",NY.GDP.PCAP.PP.CD,..,..,..,..,..,..,..,..,..,..,..,..
Israel,ISR,"GDP per capita, PPP (current international $)",NY.GDP.PCAP.PP.CD,15149.21696,24912.32813,27499.1213,28829.53131,30568.95896,31725.32524,34178.4827,34262.61569,35514.54496,37513.39164,38867.7616,40786.28017
Italy,ITA,"GDP per capita, PPP (current international $)",NY.GDP.PCAP.PP.CD,18547.40568,27027.19064,34513.97292,35008.06822,36347.34248,36237.11043,36131.13211,36070.8056,36836.42634,39045.16817,40981.28161,42080.42563
Jamaica,JAM,"GDP per capita, PPP (current international $)",NY.GDP.PCAP.PP.CD,4737.855273,6318.402591,7919.930237,7854.330964,8112.12923,8170.023573,8306.834579,8473.541552,8594.162683,8761.976598,8970.780291,9298.799235
Japan,JPN,"GDP per capita, PPP (current international $)",NY.GDP.PCAP.PP.CD,19561.20174,26838.69136,33198.61611,34986.99454,35774.69671,37191.38595,38974.07949,39179.15561,40396.24321,41118.07804,41958.96216,43349.32747
Jordan,JOR,"GDP per capita, PPP (current international $)",NY.GDP.PCAP.PP.CD,4078.535372,5745.652913,9357.480948,9194.122669,9124.365534,9041.234841,8983.22141,9013.816182,8979.266588,8983.166342,9129.932118,9347.942243
Kazakhstan,KAZ,"GDP per capita, PPP (current international $)",NY.GDP.PCAP.PP.CD,8468.793605,7918.947004,18392.88499,19685.35171,21276.93402,22407.98331,23823.88613,24924.37021,25123.31799,25314.86554,26490.84377,27830.58528
Kenya,KEN,"GDP per capita, PPP (current international $)",NY.GDP.PCAP.PP.CD,1523.7385,1669.318817,2235.680111,2385.992645,2515.927471,2610.737996,2740.02864,2867.10191,2988.073282,3121.830489,3258.154499,3461.441353
Kiribati,KIR,"GDP per capita, PPP (current international $)",NY.GDP.PCAP.PP.CD,1261.458411,1583.087611,1745.986907,1716.059227,1749.233461,1837.991938,1921.614459,1917.627413,2110.117273,2210.850719,2227.920995,2289.874945
North Korea,PRK,"GDP per capita, PPP (current international $)",NY.GDP.PCAP.PP.CD,..,..,..,..,..,..,..,..,..,..,..,..
South Korea,KOR,"GDP per capita, PPP (current international $)",NY.GDP.PCAP.PP.CD,8273.406045,18082.9548,28325.2093,30365.27837,31228.5107,32097.164,32615.77259,33587.5834,35760.73444,37142.8329,38824.11539,40479.34637
Kosovo,XKX,"GDP per capita, PPP (current international $)",NY.GDP.PCAP.PP.CD,..,3681.396465,7474.959657,7749.832622,8221.542817,8554.006499,8909.500279,9198.418168,9784.852759,10211.51289,10759.64892,11367.73949
Kuwait,KWT,"GDP per capita, PPP (current international $)",NY.GDP.PCAP.PP.CD,..,55791.75108,79262.75369,73817.97698,78021.67168,80209.81453,78399.24717,76703.11653,75042.14197,75689.27575,72621.62606,73704.59334
Kyrgyz Republic,KGZ,"GDP per capita, PPP (current international $)",NY.GDP.PCAP.PP.CD,2254.800682,1650.785503,2746.972069,2733.079268,2920.60321,2921.603783,3232.128754,3356.983448,3453.360746,3567.812684,3733.606138,3877.858025
Lao PDR,LAO,"GDP per capita, PPP (current international $)",NY.GDP.PCAP.PP.CD,1108.386981,1979.537838,3823.692269,4130.547187,4485.181127,4863.791732,5267.284644,5689.82855,6075.925947,6473.230549,6939.555069,7441.279777
Latvia,LVA,"GDP per capita, PPP (current international $)",NY.GDP.PCAP.PP.CD,..,8019.285693,16871.87015,17558.68634,19773.34733,21252.73438,22676.51269,23808.07015,24723.56397,25839.9926,28362.01204,..
Lebanon,LBN,"GDP per capita, PPP (current international $)",NY.GDP.PCAP.PP.CD,3623.301987,8448.52973,13286.61257,14111.19139,13841.53501,13610.88835,13309.01995,13049.03296,12695.41014,12693.56418,12813.86955,13058.03859
Lesotho,LSO,"GDP per capita, PPP (current international $)",NY.GDP.PCAP.PP.CD,842.6678933,1302.919478,2214.116884,2369.436771,2575.280838,2766.632474,2847.968147,2970.589838,3062.0681,3169.362463,3131.00373,3223.020858
Liberia,LBR,"GDP per capita, PPP (current international $)",NY.GDP.PCAP.PP.CD,..,1048.694769,1041.945486,1078.946046,1154.40937,1234.280819,1329.049283,1328.913111,1309.269565,1269.886223,1293.415934,1306.321734
Libya,LBY,"GDP per capita, PPP (current international $)",NY.GDP.PCAP.PP.CD,..,17437.0857,27474.49038,28890.36545,11096.15636,25080.96838,21929.50351,16870.48513,15403.57322,14964.52288,19056.8043,20706.1378
Liechtenstein,LIE,"GDP per capita, PPP (current international $)",NY.GDP.PCAP.PP.CD,..,..,..,..,..,..,..,..,..,..,..,..
Lithuania,LTU,"GDP per capita, PPP (current international $)",NY.GDP.PCAP.PP.CD,..,8457.622164,18145.93996,20090.86979,22854.31858,24658.04585,26660.7351,28174.37994,28910.3621,30300.01956,33252.67683,..
Luxembourg,LUX,"GDP per capita, PPP (current international $)",NY.GDP.PCAP.PP.CD,29664.79513,55348.89874,82278.19739,85613.58661,92005.01684,91622.17742,95590.5387,101297.5757,102780.4409,105082.0735,107640.5592,111908.041
"Macao SAR, China",MAC,"GDP per capita, PPP (current international $)",NY.GDP.PCAP.PP.CD,26203.88294,33616.46526,77417.78692,95952.17676,116456.9567,126618.4718,139962.256,137833.0465,107069.7216,105429.2544,116013.007,122434.8358
Madagascar,MDG,"GDP per capita, PPP (current international $)",NY.GDP.PCAP.PP.CD,1072.776982,1149.084971,1376.07422,1357.331718,1367.54195,1397.238779,1414.907724,1449.787781,1470.793489,1507.942283,1560.402315,1634.15586
Malawi,MWI,"GDP per capita, PPP (current international $)",NY.GDP.PCAP.PP.CD,484.6257674,703.1408641,1004.660758,1055.49399,1097.942135,1107.97055,1152.848569,1207.29441,1220.229587,1230.416571,1269.644596,1308.68358
Malaysia,MYS,"GDP per capita, PPP (current international $)",NY.GDP.PCAP.PP.CD,6850.467599,12973.90027,19283.45231,20605.20111,21806.82279,23105.07529,24279.37169,25875.50267,27116.57626,28185.53904,30004.07863,31698.37147
Maldives,MDV,"GDP per capita, PPP (current international $)",NY.GDP.PCAP.PP.CD,..,7800.490466,11177.85596,11720.52813,12486.44691,12496.42826,13039.04792,13622.8832,13546.05023,14055.93816,14668.69303,15312.31796
Mali,MLI,"GDP per capita, PPP (current international $)",NY.GDP.PCAP.PP.CD,826.7915224,1166.376271,1777.690079,1836.816217,1877.892828,1842.686602,1863.367757,1974.217655,2053.128574,2131.589703,2221.757886,2312.569719
Malta,MLT,"GDP per capita, PPP (current international $)",NY.GDP.PCAP.PP.CD,9338.471337,19425.73853,26139.66367,27809.11072,28597.44376,29443.83503,31082.62627,33370.47516,36165.4048,38339.01614,41548.51201,..
Marshall Islands,MHL,"GDP per capita, PPP (current international $)",NY.GDP.PCAP.PP.CD,1888.075947,2366.56071,2949.302502,3169.687869,3265.382656,3431.794446,3577.952441,3602.798504,3611.627884,3701.799994,3886.2182,4048.456178
Mauritania,MRT,"GDP per capita, PPP (current international $)",NY.GDP.PCAP.PP.CD,1817.595526,2255.100441,3260.588639,3356.361348,3483.522101,3646.727567,3822.312548,3993.304342,3975.787553,3984.21489,4066.670638,4189.954615
Mauritius,MUS,"GDP per capita, PPP (current international $)",NY.GDP.PCAP.PP.CD,4919.358428,8977.839749,14820.49866,15612.29342,16561.77098,17421.14502,18282.22808,19290.69193,20162.99668,21151.24777,22355.19052,23709.10256
Mexico,MEX,"GDP per capita, PPP (current international $)",NY.GDP.PCAP.PP.CD,6498.917137,11089.81343,14558.24481,15260.62055,16520.25851,17162.92752,17373.89702,18045.98446,18284.88284,18781.84292,19432.21419,19969.46068
Federated States of Micronesia,FSM,"GDP per capita, PPP (current international $)",NY.GDP.PCAP.PP.CD,1766.313291,2482.72628,3148.560899,3252.310165,3413.50039,3375.298389,3257.744379,3201.864032,3350.506917,3370.005239,3504.396651,3595.502114
Moldova,MDA,"GDP per capita, PPP (current international $)",NY.GDP.PCAP.PP.CD,..,2235.878126,4275.933422,4637.516563,5012.742058,5079.416399,5637.502465,6035.022708,6082.841956,6424.371219,6858.892028,7300.939066
Monaco,MCO,"GDP per capita, PPP (current international $)",NY.GDP.PCAP.PP.CD,..,..,..,..,..,..,..,..,..,..,..,..
Mongolia,MNG,"GDP per capita, PPP (current international $)",NY.GDP.PCAP.PP.CD,3324.141434,3704.257383,7119.208251,7530.75353,8853.125419,9939.570296,11068.45656,11925.8134,12100.12735,12140.84709,12787.28426,13735.36664
Montenegro,MNE,"GDP per capita, PPP (current international $)",NY.GDP.PCAP.PP.CD,..,6002.636174,13024.83119,13635.00238,14472.46543,13863.8986,14870.21168,15371.17524,16337.25576,17866.51336,19354.92982,..
Morocco,MAR,"GDP per capita, PPP (current international $)",NY.GDP.PCAP.PP.CD,2545.871185,3574.843324,6099.692766,6324.152955,6703.876831,6940.434737,7278.362142,7507.240831,7822.968048,7890.997167,8261.060852,8586.6387
Mozambique,MOZ,"GDP per capita, PPP (current international $)",NY.GDP.PCAP.PP.CD,250.5649168,455.8792305,881.1966068,925.3387557,984.4652292,1046.360735,1109.607828,1181.238398,1237.023788,1260.873756,1294.748273,1327.91651
Myanmar,MMR,"GDP per capita, PPP (current international $)",NY.GDP.PCAP.PP.CD,473.8636016,1025.710408,3280.274594,3613.019143,3864.959768,4193.132339,4587.086831,5005.999653,5372.241161,5709.871361,6172.392649,6662.258825
Namibia,NAM,"GDP per capita, PPP (current international $)",NY.GDP.PCAP.PP.CD,3707.439304,5203.03658,8067.700206,8500.097148,8959.515893,9427.082267,9955.453108,10598.66867,11160.37964,11200.42788,11104.41938,11134.80506
Nauru,NRU,"GDP per capita, PPP (current international $)",NY.GDP.PCAP.PP.CD,..,..,5670.057531,6470.453571,7339.304367,8056.696421,10451.93901,13273.48365,13104.48037,13982.20157,15039.31757,15044.56336
Nepal,NPL,"GDP per capita, PPP (current international $)",NY.GDP.PCAP.PP.CD,770.9613269,1214.984044,1844.102817,1946.058721,2052.547197,2196.118851,2333.145473,2520.689553,2621.766575,2641.971128,2866.542016,3064.449286
Netherlands,NLD,"GDP per capita, PPP (current international $)",NY.GDP.PCAP.PP.CD,19145.38619,31875.23602,44566.0619,45040.31808,46599.02103,47272.10302,49241.51784,49233.2154,50302.06775,51338.57326,54422.00802,56772.03593
New Caledonia,NCL,"GDP per capita, PPP (current international $)",NY.GDP.PCAP.PP.CD,..,..,..,..,..,..,..,..,..,..,..,..
New Zealand,NZL,"GDP per capita, PPP (current international $)",NY.GDP.PCAP.PP.CD,14863.60432,21521.70657,30699.66202,31253.0536,32734.53667,32986.18289,36219.42401,37260.6294,37475.17836,39122.54213,40438.57095,41702.51754
Nicaragua,NIC,"GDP per capita, PPP (current international $)",NY.GDP.PCAP.PP.CD,1929.113449,2718.022213,3730.985879,3887.774401,4163.241326,4458.684533,4697.707027,4950.093415,5174.961924,5400.217904,5687.181631,5523.764152
Niger,NER,"GDP per capita, PPP (current international $)",NY.GDP.PCAP.PP.CD,579.4986877,600.6752781,754.2540731,795.6828256,799.258376,876.2759995,902.6625995,951.1605867,964.8380789,984.6831336,1012.859196,1048.483199
Nigeria,NGA,"GDP per capita, PPP (current international $)",NY.GDP.PCAP.PP.CD,2180.914504,2442.50098,4682.435935,4981.358232,5213.837194,5392.096403,5698.166678,6009.989453,6072.477295,5882.98734,5887.573078,5980.285413
North Macedonia,MKD,"GDP per capita, PPP (current international $)",NY.GDP.PCAP.PP.CD,5527.647768,6127.048167,10914.49166,11273.84535,11611.22271,11839.65494,12653.59337,13368.21947,13831.19238,14813.3681,15298.8835,..
Northern Mariana Islands,MNP,"GDP per capita, PPP (current international $)",NY.GDP.PCAP.PP.CD,..,..,..,..,..,..,..,..,..,..,..,..
Norway,NOR,"GDP per capita, PPP (current international $)",NY.GDP.PCAP.PP.CD,18432.49795,36956.3797,55437.53083,57965.52642,62145.02615,65447.49582,67056.11704,66015.4403,60519.97152,58138.43771,62182.84214,63756.34122
Oman,OMN,"GDP per capita, PPP (current international $)",NY.GDP.PCAP.PP.CD,22739.72191,34986.15382,44291.07489,44408.58742,41942.12056,43436.87778,42862.89365,41950.78764,41911.08648,42375.54543,41068.33681,41434.64742
Pakistan,PAK,"GDP per capita, PPP (current international $)",NY.GDP.PCAP.PP.CD,1983.002405,2706.43252,3966.565219,3988.656856,4094.527112,4228.513001,4398.38123,4593.96424,4762.296721,4975.654395,5249.206365,5543.897107
Palau,PLW,"GDP per capita, PPP (current international $)",NY.GDP.PCAP.PP.CD,..,9827.548032,12905.37738,13351.13817,14534.21661,15437.15935,15407.27493,16429.69279,18297.00065,18531.53966,18124.65347,19352.50377
Panama,PAN,"GDP per capita, PPP (current international $)",NY.GDP.PCAP.PP.CD,5097.454419,8454.716158,14554.83079,15311.02913,17099.81883,18806.56302,20111.95122,21167.17679,22237.09305,23195.81113,24472.00985,25508.6321
Papua New Guinea,PNG,"GDP per capita, PPP (current international $)",NY.GDP.PCAP.PP.CD,1439.204334,2081.394141,2791.801966,3039.777348,3069.74206,3205.913001,3318.67091,3761.47551,4080.173386,4208.78221,4269.431244,4298.653911
Paraguay,PRY,"GDP per capita, PPP (current international $)",NY.GDP.PCAP.PP.CD,5147.915471,6353.237862,8601.540165,9541.371804,10016.77037,10015.48605,10898.44902,11486.94437,11807.77259,12287.98588,12971.68385,13570.86254
Peru,PER,"GDP per capita, PPP (current international $)",NY.GDP.PCAP.PP.CD,3409.302984,5115.127919,9078.556657,9869.070416,10626.07713,11400.33573,12169.12008,12561.21857,12945.25159,13404.22221,13772.29017,14393.4516
Philippines,PHL,"GDP per capita, PPP (current international $)",NY.GDP.PCAP.PP.CD,2604.517106,3361.325849,5106.399206,5468.305507,5689.760941,6081.936667,6514.667171,6930.764463,7313.409805,7784.136699,8340.331331,8935.300183
Poland,POL,"GDP per capita, PPP (current international $)",NY.GDP.PCAP.PP.CD,6175.624299,10652.93681,19246.44868,21048.33052,22850.63885,23833.2097,24719.24751,25612.25783,26856.06506,27735.35085,29930.99178,32356.52217
Portugal,PRT,"GDP per capita, PPP (current international $)",NY.GDP.PCAP.PP.CD,11762.87498,18886.91107,26469.10124,27308.18616,26780.21491,26454.1026,27899.50947,28746.65308,29684.69167,31042.00577,32554.29752,34065.20768
Puerto Rico,PRI,"GDP per capita, PPP (current international $)",NY.GDP.PCAP.PP.CD,14423.78702,24672.33756,32816.94611,33229.92303,34195.65107,35286.05921,36207.67954,37053.7532,37715.36186,38383.03576,39006.3906,39470.85608
Qatar,QAT,"GDP per capita, PPP (current international $)",NY.GDP.PCAP.PP.CD,..,86169.39433,108953.6771,117518.7009,124024.5682,122674.7237,122495.788,123308.2023,123822.0833,123573.6308,124609.3041,126597.6391
Romania,ROU,"GDP per capita, PPP (current international $)",NY.GDP.PCAP.PP.CD,5272.153424,5848.904178,16635.30121,16966.47356,17907.64749,18931.48671,19797.36432,20623.35348,21631.80621,23868.13881,26595.42643,..
Russian Federation,RUS,"GDP per capita, PPP (current international $)",NY.GDP.PCAP.PP.CD,8010.381893,6825.406038,19389.94213,20490.12944,24310.04397,25784.56716,26240.2745,25751.51414,24061.09937,24072.27793,25766.92881,27147.33358
Rwanda,RWA,"GDP per capita, PPP (current international $)",NY.GDP.PCAP.PP.CD,563.2797933,639.2808734,1292.678894,1367.832989,1467.961708,1588.51644,1651.587257,1766.680697,1895.112045,1978.270386,2082.293635,2253.520006
Samoa,WSM,"GDP per capita, PPP (current international $)",NY.GDP.PCAP.PP.CD,2368.939126,3445.353537,5250.037913,5296.684601,5673.415931,5755.766667,5694.455812,5837.198935,5945.265127,6407.341199,6677.68551,6850.448227
San Marino,SMR,"GDP per capita, PPP (current international $)",NY.GDP.PCAP.PP.CD,..,60124.60568,75725.33716,72075.29692,65725.56752,61073.15925,59430.98471,59290.9167,59697.44342,61250.86378,63037.12578,..
Sao Tome and Principe,STP,"GDP per capita, PPP (current international $)",NY.GDP.PCAP.PP.CD,..,..,2382.691649,2507.202712,2612.010147,2689.201204,2813.153487,2997.322455,3086.025098,3189.251813,3312.727969,3412.558163
Saudi Arabia,SAU,"GDP per capita, PPP (current international $)",NY.GDP.PCAP.PP.CD,27709.39272,34440.70584,43119.88439,44498.67574,48473.70921,50491.5474,51188.96364,52550.79246,53897.94398,54159.80176,53693.36424,55119.91466
Senegal,SEN,"GDP per capita, PPP (current international $)",NY.GDP.PCAP.PP.CD,1507.67839,1923.982135,2667.307426,2718.906572,2739.335655,2854.119263,2903.740826,3067.034049,3205.894499,3351.536617,3556.137758,3775.868008
Serbia,SRB,"GDP per capita, PPP (current international $)",NY.GDP.PCAP.PP.CD,..,5726.12768,12536.55192,12797.32023,13746.91543,13933.85986,14629.06834,14659.61304,14922.1341,15615.2796,16433.38246,..
Seychelles,SYC,"GDP per capita, PPP (current international $)",NY.GDP.PCAP.PP.CD,9225.468909,14684.04361,19137.3887,19948.41572,22556.58257,23051.79171,24412.8862,25594.10396,26546.40585,27672.51882,29062.26285,30503.18752
Sierra Leone,SLE,"GDP per capita, PPP (current international $)",NY.GDP.PCAP.PP.CD,810.1181546,723.1020523,1135.631121,1183.330094,1255.453038,1440.997449,1730.996317,1803.863023,1416.366137,1486.044852,1544.42929,1603.505074
Singapore,SGP,"GDP per capita, PPP (current international $)",NY.GDP.PCAP.PP.CD,22655.11867,41662.74367,62873.49475,71565.99973,76034.33406,78978.82285,82881.407,86611.51359,89007.4608,91452.04273,96552.60261,101352.5766
Sint Maarten (Dutch part),SXM,"GDP per capita, PPP (current international $)",NY.GDP.PCAP.PP.CD,..,..,31831.67579,33410.67978,36340.24464,36245.90974,35356.26954,35547.70212,35050.42282,34568.38463,..,..
Slovak Republic,SVK,"GDP per capita, PPP (current international $)",NY.GDP.PCAP.PP.CD,..,11356.65849,23059.23564,24962.27937,25835.00476,26647.42196,27897.59857,28927.66876,29691.52303,30895.98943,32371.22295,34329.2962
Slovenia,SVN,"GDP per capita, PPP (current international $)",NY.GDP.PCAP.PP.CD,12314.65445,18050.3756,27475.9859,27739.34822,28804.70152,28900.87803,29796.81199,30844.59362,31645.46588,33183.99737,36153.38312,38674.35334
Solomon Islands,SLB,"GDP per capita, PPP (current international $)",NY.GDP.PCAP.PP.CD,1221.941498,1445.486216,1737.972493,1832.831556,2064.595793,2142.507028,2185.86876,2216.265025,2235.826949,2276.800108,2339.380668,2409.410477
Somalia,SOM,"GDP per capita, PPP (current international $)",NY.GDP.PCAP.PP.CD,..,..,..,..,..,..,..,..,..,..,..,..
South Africa,ZAF,"GDP per capita, PPP (current international $)",NY.GDP.PCAP.PP.CD,6424.502216,7719.255957,11416.00169,11728.16049,12179.17419,12488.21557,12815.72707,13090.47683,13196.43492,13221.071,13458.96374,13661.3722
South Sudan,SSD,"GDP per capita, PPP (current international $)",NY.GDP.PCAP.PP.CD,..,..,3830.451863,3930.560172,3701.001267,1976.873297,2222.629977,2296.774311,2039.750617,1811.677392,..,..
Spain,ESP,"GDP per capita, PPP (current international $)",NY.GDP.PCAP.PP.CD,13627.32655,21533.90899,32391.02051,31923.12286,32068.27093,31988.25387,32603.90577,33709.64924,35028.30135,36715.84531,39037.37834,40854.58138
Sri Lanka,LKA,"GDP per capita, PPP (current international $)",NY.GDP.PCAP.PP.CD,2344.671738,4410.987735,7674.350942,8328.90662,9155.658792,10171.42447,10618.20208,11250.30924,11830.69575,12359.34586,12878.58867,13449.90194
Saint Kitts and Nevis,KNA,"GDP per capita, PPP (current international $)",NY.GDP.PCAP.PP.CD,10046.07601,17498.28679,24356.2988,24072.32343,24795.53882,24883.95647,26469.09109,28353.47844,29026.58277,29778.61885,30452.10132,31831.30942
Saint Lucia,LCA,"GDP per capita, PPP (current international $)",NY.GDP.PCAP.PP.CD,6250.980005,8486.854699,11384.55596,11428.51171,12049.20936,12165.39845,12072.57915,12247.53476,12354.72077,12910.98609,13569.30571,13886.58256
St. Martin (French part),MAF,"GDP per capita, PPP (current international $)",NY.GDP.PCAP.PP.CD,..,..,..,..,..,..,..,..,..,..,..,..
Saint Vincent and the Grenadines,VCT,"GDP per capita, PPP (current international $)",NY.GDP.PCAP.PP.CD,3619.212247,6018.054836,10028.25893,9807.792586,9965.064507,10285.2807,10639.28634,10948.05011,11184.09054,11496.98535,11776.67157,12307.26044
Sudan,SDN,"GDP per capita, PPP (current international $)",NY.GDP.PCAP.PP.CD,1143.53876,1845.523341,3262.020338,3327.142295,3643.092161,4152.156101,4306.149338,4397.809343,4551.996918,4703.856808,4880.261517,4759.281882
Suriname,SUR,"GDP per capita, PPP (current international $)",NY.GDP.PCAP.PP.CD,6759.85989,7799.400009,13159.70857,13841.41492,14788.068,15303.70159,15851.99662,16018.08688,15472.9779,14622.05054,15002.41986,15497.88847
Sweden,SWE,"GDP per capita, PPP (current international $)",NY.GDP.PCAP.PP.CD,20120.52869,29320.70202,39694.97557,41632.68589,43808.50116,44774.3869,45721.99486,46572.45599,48436.97512,49084.06554,51404.78539,53119.7057
Switzerland,CHE,"GDP per capita, PPP (current international $)",NY.GDP.PCAP.PP.CD,27594.63205,35754.57316,51769.04989,53067.68659,56183.83259,57849.58399,60108.51635,61902.16241,63938.97998,64215.86026,66299.62501,68943.37285
Syria,SYR,"GDP per capita, PPP (current international $)",NY.GDP.PCAP.PP.CD,..,..,..,..,..,..,..,..,..,..,..,..
Tajikistan,TJK,"GDP per capita, PPP (current international $)",NY.GDP.PCAP.PP.CD,2375.937064,943.137182,1986.596247,2094.538959,2245.785335,2404.805181,2567.785701,2726.507194,2851.709486,3006.511141,3216.580702,3443.695541
Tanzania,TZA,"GDP per capita, PPP (current international $)",NY.GDP.PCAP.PP.CD,1002.928575,1245.069474,2088.519946,2182.374747,2329.330437,2408.249792,2539.662399,2680.385594,2791.023424,2926.328043,3090.494371,3227.034211
Thailand,THA,"GDP per capita, PPP (current international $)",NY.GDP.PCAP.PP.CD,4317.519756,7312.810698,12207.96845,13213.31474,13537.48834,14727.14305,15318.63674,15694.33668,16293.6098,16961.26557,17917.20689,19017.73586
Timor-Leste,TLS,"GDP per capita, PPP (current international $)",NY.GDP.PCAP.PP.CD,..,2597.769884,8981.084861,8821.211791,9860.331586,10369.38896,9216.474799,6833.300476,8177.850036,8168.746889,7416.223355,7644.929096
Togo,TGO,"GDP per capita, PPP (current international $)",NY.GDP.PCAP.PP.CD,842.6164438,983.1198991,1164.346278,1216.508967,1286.470497,1360.257545,1430.525333,1504.246166,1566.994218,1620.703081,1682.749202,1761.134743
Tonga,TON,"GDP per capita, PPP (current international $)",NY.GDP.PCAP.PP.CD,2321.4358,3665.902526,4669.997988,4889.298528,5151.454825,5339.532136,5313.805671,5567.035411,5849.717335,6092.258366,6321.606933,6408.241083
Trinidad and Tobago,TTO,"GDP per capita, PPP (current international $)",NY.GDP.PCAP.PP.CD,7080.989817,14590.83383,29454.02792,30620.1748,30980.45449,31777.72419,32767.60354,32854.03771,33598.7583,31588.43864,31428.79768,32227.84942
Tunisia,TUN,"GDP per capita, PPP (current international $)",NY.GDP.PCAP.PP.CD,3639.389213,6021.264395,9868.305639,10227.32596,10139.13146,10642.5379,11032.93957,11460.34826,11598.86039,11743.4899,12047.05113,12483.51203
Turkey,TUR,"GDP per capita, PPP (current international $)",NY.GDP.PCAP.PP.CD,6141.073464,9583.78065,15489.87192,17425.86136,19651.67848,20616.86987,22269.03766,23967.11803,25625.57463,26150.3998,27878.60924,28815.53675
Turkmenistan,TKM,"GDP per capita, PPP (current international $)",NY.GDP.PCAP.PP.CD,5396.954295,4243.798539,8955.280706,9738.983107,11212.4865,12469.88011,13726.37238,15144.54545,16011.55121,16895.47614,18032.22196,19270.05802
Turks and Caicos Islands,TCA,"GDP per capita, PPP (current international $)",NY.GDP.PCAP.PP.CD,..,..,..,..,19845.63099,19315.78149,19541.63676,20862.89067,21958.80232,22809.20614,23873.42061,25325.99159
Tuvalu,TUV,"GDP per capita, PPP (current international $)",NY.GDP.PCAP.PP.CD,1542.80705,2428.493554,3003.298324,2925.616097,3180.104184,3086.009247,3248.194851,3319.10486,3619.410338,3727.711339,3903.655005,4042.422868
Uganda,UGA,"GDP per capita, PPP (current international $)",NY.GDP.PCAP.PP.CD,501.7489953,849.103967,1500.178502,1552.93584,1679.937855,1722.184621,1757.490012,1820.129666,1868.547153,1908.300268,1945.358604,2033.287394
Ukraine,UKR,"GDP per capita, PPP (current international $)",NY.GDP.PCAP.PP.CD,6790.330547,3817.510547,7267.415871,7664.396582,8281.867126,8481.779747,8647.990381,8710.749383,7972.435612,8289.707288,8693.693649,9233.150469
United Arab Emirates,ARE,"GDP per capita, PPP (current international $)",NY.GDP.PCAP.PP.CD,72906.52012,82215.31447,56975.52938,54230.17367,56574.28818,58961.20201,62641.83699,66516.88225,70261.53502,72386.09047,73355.87698,74942.72149
United Kingdom,GBR,"GDP per capita, PPP (current international $)",NY.GDP.PCAP.PP.CD,16698.34176,26255.12728,34769.39632,36012.67688,36820.32172,37911.25805,39505.35327,40867.47603,42042.91932,42977.22065,44896.26458,46239.71287
United States,USA,"GDP per capita, PPP (current international $)",NY.GDP.PCAP.PP.CD,23888.60001,36334.90878,47099.98047,48466.82338,49883.11398,51603.49726,53106.90977,55032.958,56803.47243,57904.20196,59927.92983,62641.0141
Uruguay,URY,"GDP per capita, PPP (current international $)",NY.GDP.PCAP.PP.CD,6386.691085,10249.7381,15456.18466,16808.28488,17993.44754,18930.9673,20094.29378,21069.23437,21300.97607,21820.25901,22728.13475,23530.60732
Uzbekistan,UZB,"GDP per capita, PPP (current international $)",NY.GDP.PCAP.PP.CD,2004.817495,2004.907692,3893.265249,4153.668137,4469.997484,4856.353121,5255.461815,5643.332903,6022.546006,6348.102008,6644.568886,7020.325267
Vanuatu,VUT,"GDP per capita, PPP (current international $)",NY.GDP.PCAP.PP.CD,1654.986462,2247.43859,2882.471224,2888.738336,2905.904722,2930.914618,2956.516263,2997.943089,2925.443874,2996.18348,3110.310283,3201.82453
Venezuela,VEN,"GDP per capita, PPP (current international $)",NY.GDP.PCAP.PP.CD,9486.936761,11609.45843,16840.28222,16541.55868,17319.28961,18343.47989,18648.62405,18102.46829,..,..,..,..
Vietnam,VNM,"GDP per capita, PPP (current international $)",NY.GDP.PCAP.PP.CD,945.8703268,2048.363759,4074.18424,4342.751917,4662.223052,4949.131363,5253.397519,5613.627304,5989.75769,6365.289485,6857.984044,7434.679921
Virgin Islands (U.S.),VIR,"GDP per capita, PPP (current international $)",NY.GDP.PCAP.PP.CD,..,..,..,..,..,..,..,..,..,..,..,..
West Bank and Gaza,PSE,"GDP per capita, PPP (current international $)",NY.GDP.PCAP.PP.CD,..,2934.99453,3695.023886,3937.239913,4405.778573,4656.126176,4728.009206,4697.286797,4799.105387,4967.187882,5117.754563,5148.473073
Yemen,YEM,"GDP per capita, PPP (current international $)",NY.GDP.PCAP.PP.CD,2223.028771,3181.383522,4221.413776,4472.726448,3876.302619,3935.167105,4084.882967,4045.500031,3320.110156,2827.691023,2645.308383,2570.585083
Zambia,ZMB,"GDP per capita, PPP (current international $)",NY.GDP.PCAP.PP.CD,1517.926292,1691.967387,3017.024571,3269.794329,3419.01046,3634.780353,3765.584162,3893.549478,3927.761816,3998.004435,4090.12004,4216.457967
Zimbabwe,ZWE,"GDP per capita, PPP (current international $)",NY.GDP.PCAP.PP.CD,1829.677575,2344.271146,1581.161558,1888.566739,2168.110293,2534.541919,2583.985638,2648.568967,2679.580317,2687.385429,2825.725122,3024.449887
Arab World,ARB,"GDP per capita, PPP (current international $)",NY.GDP.PCAP.PP.CD,6806.0417,9412.247227,13638.18451,14125.53895,14516.43078,15420.67909,15821.47794,16151.46873,16500.69058,16911.01781,17102.12692,17557.81271
Caribbean small states,CSS,"GDP per capita, PPP (current international $)",NY.GDP.PCAP.PP.CD,5912.370227,9125.248918,13980.27352,14271.89745,14631.88454,14994.93722,15365.02472,15596.37457,15846.63439,15537.6712,15753.17622,16269.53069
Central Europe and the Baltics,CEB,"GDP per capita, PPP (current international $)",NY.GDP.PCAP.PP.CD,7089.925296,10002.13797,19666.26551,20723.895,22133.68247,22945.92937,23958.63144,24969.64688,26036.30572,27331.9258,29617.86548,31850.75984
Early-demographic dividend,EAR,"GDP per capita, PPP (current international $)",NY.GDP.PCAP.PP.CD,2760.401863,4117.610169,6502.157499,6911.686019,7311.736332,7661.755234,8031.084095,8453.085887,8846.325625,9298.119281,9818.819787,10374.75769
East Asia & Pacific,EAS,"GDP per capita, PPP (current international $)",NY.GDP.PCAP.PP.CD,3204.23975,5717.890978,10782.22702,11706.31999,12597.27291,13473.28684,14410.88861,15279.80375,16129.17303,17001.15742,18095.92016,19330.62688
East Asia & Pacific (excluding high income),EAP,"GDP per capita, PPP (current international $)",NY.GDP.PCAP.PP.CD,1442.170117,3295.104037,7925.702863,8725.215637,9574.184689,10408.36309,11260.61248,12147.67917,12973.8186,13840.76768,14900.43479,16088.44478
East Asia & Pacific (IDA & IBRD countries),TEA,"GDP per capita, PPP (current international $)",NY.GDP.PCAP.PP.CD,1457.909237,3331.004443,8011.030487,8818.892057,9676.716595,10519.54592,11380.58769,12276.77089,13111.33771,13987.04767,15057.42883,16257.58528
Euro area,EMU,"GDP per capita, PPP (current international $)",NY.GDP.PCAP.PP.CD,16973.32492,25334.04115,34876.20405,35834.75261,37459.00996,37839.57937,39021.84486,39980.69426,41094.40347,42776.96374,45136.15581,46881.16786
Europe & Central Asia,ECS,"GDP per capita, PPP (current international $)",NY.GDP.PCAP.PP.CD,11579.95014,15866.72606,25005.1731,26033.64641,27806.6209,28531.94409,29533.28203,30292.63012,30778.39568,31695.07733,33536.98476,34949.0254
Europe & Central Asia (excluding high income),ECA,"GDP per capita, PPP (current international $)",NY.GDP.PCAP.PP.CD,6495.567043,6089.475963,14259.98836,15223.50742,17293.59704,18213.21786,18928.24666,19386.23238,19148.33394,19482.48544,20780.6138,21796.10448
Europe & Central Asia (IDA & IBRD countries),TEC,"GDP per capita, PPP (current international $)",NY.GDP.PCAP.PP.CD,6489.708021,6537.684284,14749.74964,15770.22178,17804.13701,18721.4708,19447.22862,19936.84713,19830.43311,20216.63516,21589.31205,22730.72034
European Union,EUU,"GDP per capita, PPP (current international $)",NY.GDP.PCAP.PP.CD,15013.82711,22582.75548,32220.61878,33274.10867,34760.811,35323.65126,36535.0664,37565.08951,38718.3168,40232.57148,42550.41512,44293.44545
Fragile and conflict affected situations,FCS,"GDP per capita, PPP (current international $)",NY.GDP.PCAP.PP.CD,1849.986811,2463.879269,3605.226053,3800.541405,3596.138341,4023.232109,4169.557352,4199.670493,4233.631702,4416.253187,4531.877625,4645.665176
Heavily indebted poor countries (HIPC),HPC,"GDP per capita, PPP (current international $)",NY.GDP.PCAP.PP.CD,982.655866,1163.092863,1750.01877,1825.465438,1897.90397,1989.801337,2085.027542,2181.861165,2250.919295,2320.205029,2422.547866,2511.036461
High income,HIC,"GDP per capita, PPP (current international $)",NY.GDP.PCAP.PP.CD,18194.47751,27752.63533,37701.55792,39089.56815,40683.40614,41832.652,43296.79641,44558.84763,45799.02964,46979.53323,48890.94865,50867.08745
IBRD only,IBD,"GDP per capita, PPP (current international $)",NY.GDP.PCAP.PP.CD,2871.923608,4450.46732,8632.785424,9317.276342,10082.69653,10705.61443,11318.18356,11931.04242,12408.52644,13024.41568,13859.20338,14752.18128
IDA & IBRD total,IBT,"GDP per capita, PPP (current international $)",NY.GDP.PCAP.PP.CD,2570.24463,3854.228589,7247.642048,7786.767324,8383.35956,8871.466768,9358.536063,9844.280062,10209.21674,10670.3609,11309.62885,11992.49285
IDA blend,IDB,"GDP per capita, PPP (current international $)",NY.GDP.PCAP.PP.CD,2025.4322,2452.255863,3968.512693,4132.466745,4313.03729,4485.985923,4713.211061,4955.149781,5094.019378,5150.050762,5300.086849,5508.61189
IDA only,IDX,"GDP per capita, PPP (current international $)",NY.GDP.PCAP.PP.CD,989.5423405,1289.444093,2128.15406,2239.804866,2327.961735,2437.989749,2578.99992,2717.381623,2806.652924,2907.21289,3067.886919,3228.834173
IDA total,IDA,"GDP per capita, PPP (current international $)",NY.GDP.PCAP.PP.CD,1349.88912,1689.621482,2758.153076,2888.140741,3008.951805,3140.945696,3311.959738,3486.540542,3593.195268,3677.349383,3832.723951,4008.967678
Late-demographic dividend,LTE,"GDP per capita, PPP (current international $)",NY.GDP.PCAP.PP.CD,2855.247001,4751.153828,10607.54198,11536.50675,12701.81574,13620.18807,14497.25134,15329.8239,15953.93692,16688.06927,17811.5251,19048.13173
Latin America & Caribbean,LCN,"GDP per capita, PPP (current international $)",NY.GDP.PCAP.PP.CD,5970.49115,8808.508548,12648.76064,13438.04771,14320.9935,14831.90983,15330.21401,15656.40941,15663.97352,15676.1576,16160.22302,16601.95688
Latin America & Caribbean (excluding high income),LAC,"GDP per capita, PPP (current international $)",NY.GDP.PCAP.PP.CD,5917.556408,8602.071315,12292.59374,13046.739,13887.03086,14365.93438,14840.9764,15158.23632,15157.15223,15157.64546,15608.37494,16027.62145
Latin America & the Caribbean (IDA & IBRD countries),TLA,"GDP per capita, PPP (current international $)",NY.GDP.PCAP.PP.CD,5941.988267,8728.573213,12556.4391,13352.8062,14241.04943,14750.98011,15249.58075,15574.89942,15579.16768,15588.82394,16075.83422,16522.18351
Least developed countries: UN classification,LDC,"GDP per capita, PPP (current international $)",NY.GDP.PCAP.PP.CD,889.8287483,1176.196327,2036.040825,2142.409598,2218.38046,2318.876071,2442.081651,2566.319583,2639.773138,2713.752665,2843.311849,2975.183234
Low & middle income,LMY,"GDP per capita, PPP (current international $)",NY.GDP.PCAP.PP.CD,2514.079293,3757.5924,7097.018858,7623.911866,8207.056097,8689.755589,9172.643221,9656.608055,10017.8337,10477.80669,11104.94595,11775.5216
Low income,LIC,"GDP per capita, PPP (current international $)",NY.GDP.PCAP.PP.CD,926.7164389,1065.46855,1633.705511,1723.469198,1768.496577,1820.508991,1919.437933,2016.806205,2038.036649,2069.587981,2159.278142,2256.81641
Lower middle income,LMC,"GDP per capita, PPP (current international $)",NY.GDP.PCAP.PP.CD,1820.428193,2596.16707,4536.645281,4827.745272,5093.031658,5375.002706,5691.914486,6043.981535,6371.901604,6726.788424,7150.816715,7629.654827
Middle East & North Africa,MEA,"GDP per capita, PPP (current international $)",NY.GDP.PCAP.PP.CD,7747.629138,10917.40025,15905.30618,16556.58271,17078.36015,17689.6289,18108.61501,18585.00772,18877.30243,19734.64974,20098.73837,20719.70721
Middle East & North Africa (excluding high income),MNA,"GDP per capita, PPP (current international $)",NY.GDP.PCAP.PP.CD,5256.850751,7364.119169,11155.24346,11669.81927,11635.09699,11938.5962,12140.61264,12423.84039,12475.40728,13315.92368,13744.76145,..
Middle East & North Africa (IDA & IBRD countries),TMN,"GDP per capita, PPP (current international $)",NY.GDP.PCAP.PP.CD,5283.496051,7411.83072,11241.95267,11760.38478,11720.18147,12024.80438,12228.86902,12516.38567,12567.79655,13416.98424,13849.50827,..
Middle income,MIC,"GDP per capita, PPP (current international $)",NY.GDP.PCAP.PP.CD,2654.733376,4020.369811,7703.592785,8288.260367,8940.299384,9481.506718,10019.82445,10561.02507,10974.53184,11499.11439,12207.15103,12966.20325
North America,NAC,"GDP per capita, PPP (current international $)",NY.GDP.PCAP.PP.CD,23518.2716,35642.46317,46281.4953,47630.90574,49058.92453,50666.43223,52215.94354,54092.87647,55578.09015,56608.44707,58594.47232,61138.83641
Not classified,INX,"GDP per capita, PPP (current international $)",NY.GDP.PCAP.PP.CD,..,..,..,..,..,..,..,..,..,..,..,..
OECD members,OED,"GDP per capita, PPP (current international $)",NY.GDP.PCAP.PP.CD,16671.76832,25233.53599,33989.09539,35244.84802,36691.28644,37684.72463,39000.26386,40154.70449,41303.08114,42364.60003,44183.34444,45935.33444
Other small states,OSS,"GDP per capita, PPP (current international $)",NY.GDP.PCAP.PP.CD,..,10687.48307,19848.01019,21268.65816,22954.97941,23757.16479,24453.6604,25083.29989,25493.69491,25856.98284,26399.34558,26942.29998
Pacific island small states,PSS,"GDP per capita, PPP (current international $)",NY.GDP.PCAP.PP.CD,2666.584331,3586.777868,4550.656644,4678.884409,4906.83949,5025.809345,5209.982743,5468.933958,5669.78622,5837.406155,6115.004003,6400.16378
Post-demographic dividend,PST,"GDP per capita, PPP (current international $)",NY.GDP.PCAP.PP.CD,17861.15901,26801.21972,36493.81082,37771.26275,39186.69225,40229.70043,41651.22174,42828.13648,43923.8039,45105.72447,47037.19773,48949.95621
Pre-demographic dividend,PRE,"GDP per capita, PPP (current international $)",NY.GDP.PCAP.PP.CD,1646.308185,1919.775861,3045.533002,3184.713895,3306.58941,3463.846415,3630.629679,3760.018078,3808.014006,3868.058929,3899.884067,3968.60328
Small states,SST,"GDP per capita, PPP (current international $)",NY.GDP.PCAP.PP.CD,..,9868.764258,17702.23102,18840.57022,20200.80609,20900.14594,21526.19104,22080.76601,22472.35773,22722.40944,23213.6257,23762.21263
South Asia,SAS,"GDP per capita, PPP (current international $)",NY.GDP.PCAP.PP.CD,1276.960147,2134.145279,3833.502551,4112.38723,4351.077423,4614.498201,4915.605476,5288.980945,5671.535676,6097.716106,6563.34979,7079.540655
South Asia (IDA & IBRD),TSA,"GDP per capita, PPP (current international $)",NY.GDP.PCAP.PP.CD,1276.960147,2134.145279,3833.502551,4112.38723,4351.077423,4614.498201,4915.605476,5288.980945,5671.535676,6097.716106,6563.34979,7079.540655
Sub-Saharan Africa,SSF,"GDP per capita, PPP (current international $)",NY.GDP.PCAP.PP.CD,1715.9762,1982.027355,3092.161033,3222.369625,3349.328268,3456.723774,3604.628032,3751.504115,3804.833742,3802.332525,3880.322106,3968.674942
Sub-Saharan Africa (excluding high income),SSA,"GDP per capita, PPP (current international $)",NY.GDP.PCAP.PP.CD,1714.951184,1980.471849,3090.504991,3220.642169,3347.447916,3454.838857,3602.643779,3749.445204,3802.699952,3800.122516,3878.02371,3966.293509
Sub-Saharan Africa (IDA & IBRD countries),TSS,"GDP per capita, PPP (current international $)",NY.GDP.PCAP.PP.CD,1715.9762,1982.027355,3092.161033,3222.369625,3349.328268,3456.723774,3604.628032,3751.504115,3804.833742,3802.332525,3880.322106,3968.674942
Upper middle income,UMC,"GDP per capita, PPP (current international $)",NY.GDP.PCAP.PP.CD,3408.518776,5418.998799,11075.91007,12004.54303,13105.33395,13960.86544,14774.54068,15557.59361,16098.56512,16845.85376,17908.28371,19020.4386
World,WLD,"GDP per capita, PPP (current international $)",NY.GDP.PCAP.PP.CD,5494.053961,7983.223844,12229.53682,12871.54311,13584.86109,14144.58062,14755.23989,15333.02156,15802.70494,16343.49113,17136.6372,17971.07166
,,,,,,,,,,,,,,,
,,,,,,,,,,,,,,,
,,,,,,,,,,,,,,,
Data from database: World Development Indicators,,,,,,,,,,,,,,,
Last Updated: 07/10/2019,,,,,,,,,,,,,,,
